<?xml version="1.0" encoding="UTF-8"?>
<metadata xml:lang="en"><Esri><CreaDate>20170307</CreaDate><CreaTime>10042600</CreaTime><ArcGISFormat>1.0</ArcGISFormat><SyncOnce>FALSE</SyncOnce><DataProperties><itemProps><itemName Sync="TRUE">Lem_2014_8D_Mx_EndNode</itemName><imsContentType Sync="TRUE">002</imsContentType><itemLocation><linkage Sync="TRUE">file://\\SFR\C$\temp\Kevin\Lem_2014_8D_Mx_EndNode.shp</linkage><protocol Sync="TRUE">Local Area Network</protocol></itemLocation><itemSize Sync="TRUE">0.000</itemSize></itemProps><coordRef><type Sync="TRUE">Projected</type><geogcsn Sync="TRUE">GCS_North_American_1983</geogcsn><csUnits Sync="TRUE">Linear Unit: Meter (1.000000)</csUnits><projcsn Sync="TRUE">CRB_Albers_Equal_Area_Conic</projcsn><peXml Sync="TRUE">&lt;ProjectedCoordinateSystem xsi:type='typens:ProjectedCoordinateSystem' xmlns:xsi='http://www.w3.org/2001/XMLSchema-instance' xmlns:xs='http://www.w3.org/2001/XMLSchema' xmlns:typens='http://www.esri.com/schemas/ArcGIS/10.1'&gt;&lt;WKT&gt;PROJCS[&amp;quot;CRB_Albers_Equal_Area_Conic&amp;quot;,GEOGCS[&amp;quot;GCS_North_American_1983&amp;quot;,DATUM[&amp;quot;D_North_American_1983&amp;quot;,SPHEROID[&amp;quot;GRS_1980&amp;quot;,6378137.0,298.257222101]],PRIMEM[&amp;quot;Greenwich&amp;quot;,0.0],UNIT[&amp;quot;Degree&amp;quot;,0.0174532925199433]],PROJECTION[&amp;quot;Albers&amp;quot;],PARAMETER[&amp;quot;False_Easting&amp;quot;,700000.0],PARAMETER[&amp;quot;False_Northing&amp;quot;,0.0],PARAMETER[&amp;quot;Central_Meridian&amp;quot;,-117.0],PARAMETER[&amp;quot;Standard_Parallel_1&amp;quot;,43.0],PARAMETER[&amp;quot;Standard_Parallel_2&amp;quot;,48.0],PARAMETER[&amp;quot;Latitude_Of_Origin&amp;quot;,41.0],UNIT[&amp;quot;Meter&amp;quot;,1.0]]&lt;/WKT&gt;&lt;XOrigin&gt;-14610900&lt;/XOrigin&gt;&lt;YOrigin&gt;-8532600&lt;/YOrigin&gt;&lt;XYScale&gt;294143363.70628083&lt;/XYScale&gt;&lt;ZOrigin&gt;-100000&lt;/ZOrigin&gt;&lt;ZScale&gt;10000&lt;/ZScale&gt;&lt;MOrigin&gt;-100000&lt;/MOrigin&gt;&lt;MScale&gt;10000&lt;/MScale&gt;&lt;XYTolerance&gt;0.001&lt;/XYTolerance&gt;&lt;ZTolerance&gt;0.001&lt;/ZTolerance&gt;&lt;MTolerance&gt;0.001&lt;/MTolerance&gt;&lt;HighPrecision&gt;true&lt;/HighPrecision&gt;&lt;/ProjectedCoordinateSystem&gt;</peXml></coordRef><lineage><Process ToolSource="c:\program files (x86)\arcgis\desktop10.2\ArcToolbox\Toolboxes\Conversion Tools.tbx\FeatureClassToFeatureClass" Date="20170302" Time="163234">FeatureClassToFeatureClass Lem_2014_8D_Mx D:\Dropbox\StreamTemperatureModels\2014_temp_CHaMP\CHaMP_2014_8D_Mx_pred.mdb Lem_2014_8D_Mx # "ReachCode "ReachCode" true true false 14 Text 0 0 ,First,#,Lem_2014_8D_Mx,ReachCode,-1,-1;RCAID "RCAID" true true false 19 Double 0 0 ,First,#,Lem_2014_8D_Mx,RCAID,-1,-1;TMx_14_001 "TMx_14_001" true true false 19 Double 15 18 ,First,#,Lem_2014_8D_Mx,TMx_14_001,-1,-1;TMx_14_009 "TMx_14_009" true true false 19 Double 15 18 ,First,#,Lem_2014_8D_Mx,TMx_14_009,-1,-1;TMx_14_017 "TMx_14_017" true true false 19 Double 15 18 ,First,#,Lem_2014_8D_Mx,TMx_14_017,-1,-1;TMx_14_025 "TMx_14_025" true true false 19 Double 15 18 ,First,#,Lem_2014_8D_Mx,TMx_14_025,-1,-1;TMx_14_033 "TMx_14_033" true true false 19 Double 15 18 ,First,#,Lem_2014_8D_Mx,TMx_14_033,-1,-1;TMx_14_041 "TMx_14_041" true true false 19 Double 15 18 ,First,#,Lem_2014_8D_Mx,TMx_14_041,-1,-1;TMx_14_049 "TMx_14_049" true true false 19 Double 15 18 ,First,#,Lem_2014_8D_Mx,TMx_14_049,-1,-1;TMx_14_057 "TMx_14_057" true true false 19 Double 15 18 ,First,#,Lem_2014_8D_Mx,TMx_14_057,-1,-1;TMx_14_065 "TMx_14_065" true true false 19 Double 15 18 ,First,#,Lem_2014_8D_Mx,TMx_14_065,-1,-1;TMx_14_073 "TMx_14_073" true true false 19 Double 15 18 ,First,#,Lem_2014_8D_Mx,TMx_14_073,-1,-1;TMx_14_081 "TMx_14_081" true true false 19 Double 15 18 ,First,#,Lem_2014_8D_Mx,TMx_14_081,-1,-1;TMx_14_089 "TMx_14_089" true true false 19 Double 15 18 ,First,#,Lem_2014_8D_Mx,TMx_14_089,-1,-1;TMx_14_097 "TMx_14_097" true true false 19 Double 15 18 ,First,#,Lem_2014_8D_Mx,TMx_14_097,-1,-1;TMx_14_105 "TMx_14_105" true true false 19 Double 15 18 ,First,#,Lem_2014_8D_Mx,TMx_14_105,-1,-1;TMx_14_113 "TMx_14_113" true true false 19 Double 15 18 ,First,#,Lem_2014_8D_Mx,TMx_14_113,-1,-1;TMx_14_121 "TMx_14_121" true true false 19 Double 15 18 ,First,#,Lem_2014_8D_Mx,TMx_14_121,-1,-1;TMx_14_129 "TMx_14_129" true true false 19 Double 15 18 ,First,#,Lem_2014_8D_Mx,TMx_14_129,-1,-1;TMx_14_137 "TMx_14_137" true true false 19 Double 14 18 ,First,#,Lem_2014_8D_Mx,TMx_14_137,-1,-1;TMx_14_145 "TMx_14_145" true true false 19 Double 14 18 ,First,#,Lem_2014_8D_Mx,TMx_14_145,-1,-1;TMx_14_153 "TMx_14_153" true true false 19 Double 14 18 ,First,#,Lem_2014_8D_Mx,TMx_14_153,-1,-1;TMx_14_161 "TMx_14_161" true true false 19 Double 14 18 ,First,#,Lem_2014_8D_Mx,TMx_14_161,-1,-1;TMx_14_169 "TMx_14_169" true true false 19 Double 14 18 ,First,#,Lem_2014_8D_Mx,TMx_14_169,-1,-1;TMx_14_177 "TMx_14_177" true true false 19 Double 14 18 ,First,#,Lem_2014_8D_Mx,TMx_14_177,-1,-1;TMx_14_185 "TMx_14_185" true true false 19 Double 14 18 ,First,#,Lem_2014_8D_Mx,TMx_14_185,-1,-1;TMx_14_193 "TMx_14_193" true true false 19 Double 14 18 ,First,#,Lem_2014_8D_Mx,TMx_14_193,-1,-1;TMx_14_201 "TMx_14_201" true true false 19 Double 14 18 ,First,#,Lem_2014_8D_Mx,TMx_14_201,-1,-1;TMx_14_209 "TMx_14_209" true true false 19 Double 14 18 ,First,#,Lem_2014_8D_Mx,TMx_14_209,-1,-1;TMx_14_217 "TMx_14_217" true true false 19 Double 14 18 ,First,#,Lem_2014_8D_Mx,TMx_14_217,-1,-1;TMx_14_225 "TMx_14_225" true true false 19 Double 14 18 ,First,#,Lem_2014_8D_Mx,TMx_14_225,-1,-1;TMx_14_233 "TMx_14_233" true true false 19 Double 14 18 ,First,#,Lem_2014_8D_Mx,TMx_14_233,-1,-1;TMx_14_241 "TMx_14_241" true true false 19 Double 14 18 ,First,#,Lem_2014_8D_Mx,TMx_14_241,-1,-1;TMx_14_249 "TMx_14_249" true true false 19 Double 14 18 ,First,#,Lem_2014_8D_Mx,TMx_14_249,-1,-1;TMx_14_257 "TMx_14_257" true true false 19 Double 14 18 ,First,#,Lem_2014_8D_Mx,TMx_14_257,-1,-1;TMx_14_265 "TMx_14_265" true true false 19 Double 14 18 ,First,#,Lem_2014_8D_Mx,TMx_14_265,-1,-1;TMx_14_273 "TMx_14_273" true true false 19 Double 14 18 ,First,#,Lem_2014_8D_Mx,TMx_14_273,-1,-1;TMx_14_281 "TMx_14_281" true true false 19 Double 15 18 ,First,#,Lem_2014_8D_Mx,TMx_14_281,-1,-1;TMx_14_289 "TMx_14_289" true true false 19 Double 15 18 ,First,#,Lem_2014_8D_Mx,TMx_14_289,-1,-1;TMx_14_297 "TMx_14_297" true true false 19 Double 15 18 ,First,#,Lem_2014_8D_Mx,TMx_14_297,-1,-1;TMx_14_305 "TMx_14_305" true true false 19 Double 15 18 ,First,#,Lem_2014_8D_Mx,TMx_14_305,-1,-1;TMx_14_313 "TMx_14_313" true true false 19 Double 15 18 ,First,#,Lem_2014_8D_Mx,TMx_14_313,-1,-1;TMx_14_321 "TMx_14_321" true true false 19 Double 15 18 ,First,#,Lem_2014_8D_Mx,TMx_14_321,-1,-1;TMx_14_329 "TMx_14_329" true true false 19 Double 15 18 ,First,#,Lem_2014_8D_Mx,TMx_14_329,-1,-1;TMx_14_337 "TMx_14_337" true true false 19 Double 15 18 ,First,#,Lem_2014_8D_Mx,TMx_14_337,-1,-1;TMx_14_345 "TMx_14_345" true true false 19 Double 15 18 ,First,#,Lem_2014_8D_Mx,TMx_14_345,-1,-1;TMx_14_353 "TMx_14_353" true true false 19 Double 15 18 ,First,#,Lem_2014_8D_Mx,TMx_14_353,-1,-1;TMx_14_361 "TMx_14_361" true true false 19 Double 15 18 ,First,#,Lem_2014_8D_Mx,TMx_14_361,-1,-1;Elev "Elev" true true false 19 Double 12 18 ,First,#,Lem_2014_8D_Mx,Elev,-1,-1;Basin_RCA "Basin_RCA" true true false 9 Text 0 0 ,First,#,Lem_2014_8D_Mx,Basin_RCA,-1,-1" #</Process><Process ToolSource="c:\program files (x86)\arcgis\desktop10.1\ArcToolbox\Toolboxes\Data Management Tools.tbx\FeatureVerticesToPoints" Date="20170307" Time="102317">FeatureVerticesToPoints C:\temp\Kevin\Lem_2014_8D_Mx.shp C:\temp\Kevin\Lem_2014_8D_Mx_EndNode.shp END</Process></lineage></DataProperties><SyncDate>20170307</SyncDate><SyncTime>10231500</SyncTime><ModDate>20170307</ModDate><ModTime>10231500</ModTime></Esri><dataIdInfo><envirDesc Sync="TRUE">Microsoft Windows 7 Version 6.1 (Build 7601) Service Pack 1; Esri ArcGIS 10.1.1.3143</envirDesc><dataLang><languageCode value="eng" Sync="TRUE"></languageCode><countryCode value="USA" Sync="TRUE"></countryCode></dataLang><idCitation><resTitle Sync="TRUE">Lem_2014_8D_Mx_EndNode</resTitle><presForm><PresFormCd value="005" Sync="TRUE"></PresFormCd></presForm></idCitation><spatRpType><SpatRepTypCd value="001" Sync="TRUE"></SpatRepTypCd></spatRpType></dataIdInfo><mdLang><languageCode value="eng" Sync="TRUE"></languageCode><countryCode value="USA" Sync="TRUE"></countryCode></mdLang><distInfo><distFormat><formatName Sync="TRUE">Shapefile</formatName></distFormat><distTranOps><transSize Sync="TRUE">0.000</transSize></distTranOps></distInfo><mdHrLv><ScopeCd value="005" Sync="TRUE"></ScopeCd></mdHrLv><mdHrLvName Sync="TRUE">dataset</mdHrLvName><refSysInfo><RefSystem><refSysID><identCode code="0" Sync="TRUE"></identCode></refSysID></RefSystem></refSysInfo><spatRepInfo><VectSpatRep><geometObjs Name="Lem_2014_8D_Mx_EndNode"><geoObjTyp><GeoObjTypCd value="004" Sync="TRUE"></GeoObjTypCd></geoObjTyp><geoObjCnt Sync="TRUE">0</geoObjCnt></geometObjs><topLvl><TopoLevCd value="001" Sync="TRUE"></TopoLevCd></topLvl></VectSpatRep></spatRepInfo><spdoinfo><ptvctinf><esriterm Name="Lem_2014_8D_Mx_EndNode"><efeatyp Sync="TRUE">Simple</efeatyp><efeageom code="1" Sync="TRUE"></efeageom><esritopo Sync="TRUE">FALSE</esritopo><efeacnt Sync="TRUE">0</efeacnt><spindex Sync="TRUE">FALSE</spindex><linrefer Sync="TRUE">FALSE</linrefer></esriterm></ptvctinf></spdoinfo><eainfo><detailed Name="Lem_2014_8D_Mx_EndNode"><enttyp><enttypl Sync="TRUE">Lem_2014_8D_Mx_EndNode</enttypl><enttypt Sync="TRUE">Feature Class</enttypt><enttypc Sync="TRUE">0</enttypc></enttyp><attr><attrlabl Sync="TRUE">FID</attrlabl><attalias Sync="TRUE">FID</attalias><attrtype Sync="TRUE">OID</attrtype><attwidth Sync="TRUE">4</attwidth><atprecis Sync="TRUE">0</atprecis><attscale Sync="TRUE">0</attscale><attrdef Sync="TRUE">Internal feature number.</attrdef><attrdefs Sync="TRUE">Esri</attrdefs><attrdomv><udom Sync="TRUE">Sequential unique whole numbers that are automatically generated.</udom></attrdomv></attr><attr><attrlabl Sync="TRUE">OBJECTID</attrlabl><attalias Sync="TRUE">OBJECTID</attalias><attrtype Sync="TRUE">Integer</attrtype><attwidth Sync="TRUE">9</attwidth><atprecis Sync="TRUE">9</atprecis><attscale Sync="TRUE">0</attscale><attrdef Sync="TRUE">Internal feature number.</attrdef><attrdefs Sync="TRUE">Esri</attrdefs><attrdomv><udom Sync="TRUE">Sequential unique whole numbers that are automatically generated.</udom></attrdomv></attr><attr><attrlabl Sync="TRUE">Shape</attrlabl><attalias Sync="TRUE">Shape</attalias><attrtype Sync="TRUE">Geometry</attrtype><attwidth Sync="TRUE">0</attwidth><atprecis Sync="TRUE">0</atprecis><attscale Sync="TRUE">0</attscale><attrdef Sync="TRUE">Feature geometry.</attrdef><attrdefs Sync="TRUE">Esri</attrdefs><attrdomv><udom Sync="TRUE">Coordinates defining the features.</udom></attrdomv></attr><attr><attrlabl Sync="TRUE">ReachCode</attrlabl><attalias Sync="TRUE">ReachCode</attalias><attrtype Sync="TRUE">String</attrtype><attwidth Sync="TRUE">14</attwidth><atprecis Sync="TRUE">0</atprecis><attscale Sync="TRUE">0</attscale></attr><attr><attrlabl Sync="TRUE">RCAID</attrlabl><attalias Sync="TRUE">RCAID</attalias><attrtype Sync="TRUE">Double</attrtype><attwidth Sync="TRUE">19</attwidth><atprecis Sync="TRUE">0</atprecis><attscale Sync="TRUE">0</attscale></attr><attr><attrlabl Sync="TRUE">TMx_14_001</attrlabl><attalias Sync="TRUE">TMx_14_001</attalias><attrtype Sync="TRUE">Double</attrtype><attwidth Sync="TRUE">19</attwidth><atprecis Sync="TRUE">0</atprecis><attscale Sync="TRUE">0</attscale></attr><attr><attrlabl Sync="TRUE">TMx_14_009</attrlabl><attalias Sync="TRUE">TMx_14_009</attalias><attrtype Sync="TRUE">Double</attrtype><attwidth Sync="TRUE">19</attwidth><atprecis Sync="TRUE">0</atprecis><attscale Sync="TRUE">0</attscale></attr><attr><attrlabl Sync="TRUE">TMx_14_017</attrlabl><attalias Sync="TRUE">TMx_14_017</attalias><attrtype Sync="TRUE">Double</attrtype><attwidth Sync="TRUE">19</attwidth><atprecis Sync="TRUE">0</atprecis><attscale Sync="TRUE">0</attscale></attr><attr><attrlabl Sync="TRUE">TMx_14_025</attrlabl><attalias Sync="TRUE">TMx_14_025</attalias><attrtype Sync="TRUE">Double</attrtype><attwidth Sync="TRUE">19</attwidth><atprecis Sync="TRUE">0</atprecis><attscale Sync="TRUE">0</attscale></attr><attr><attrlabl Sync="TRUE">TMx_14_033</attrlabl><attalias Sync="TRUE">TMx_14_033</attalias><attrtype Sync="TRUE">Double</attrtype><attwidth Sync="TRUE">19</attwidth><atprecis Sync="TRUE">0</atprecis><attscale Sync="TRUE">0</attscale></attr><attr><attrlabl Sync="TRUE">TMx_14_041</attrlabl><attalias Sync="TRUE">TMx_14_041</attalias><attrtype Sync="TRUE">Double</attrtype><attwidth Sync="TRUE">19</attwidth><atprecis Sync="TRUE">0</atprecis><attscale Sync="TRUE">0</attscale></attr><attr><attrlabl Sync="TRUE">TMx_14_049</attrlabl><attalias Sync="TRUE">TMx_14_049</attalias><attrtype Sync="TRUE">Double</attrtype><attwidth Sync="TRUE">19</attwidth><atprecis Sync="TRUE">0</atprecis><attscale Sync="TRUE">0</attscale></attr><attr><attrlabl Sync="TRUE">TMx_14_057</attrlabl><attalias Sync="TRUE">TMx_14_057</attalias><attrtype Sync="TRUE">Double</attrtype><attwidth Sync="TRUE">19</attwidth><atprecis Sync="TRUE">0</atprecis><attscale Sync="TRUE">0</attscale></attr><attr><attrlabl Sync="TRUE">TMx_14_065</attrlabl><attalias Sync="TRUE">TMx_14_065</attalias><attrtype Sync="TRUE">Double</attrtype><attwidth Sync="TRUE">19</attwidth><atprecis Sync="TRUE">0</atprecis><attscale Sync="TRUE">0</attscale></attr><attr><attrlabl Sync="TRUE">TMx_14_073</attrlabl><attalias Sync="TRUE">TMx_14_073</attalias><attrtype Sync="TRUE">Double</attrtype><attwidth Sync="TRUE">19</attwidth><atprecis Sync="TRUE">0</atprecis><attscale Sync="TRUE">0</attscale></attr><attr><attrlabl Sync="TRUE">TMx_14_081</attrlabl><attalias Sync="TRUE">TMx_14_081</attalias><attrtype Sync="TRUE">Double</attrtype><attwidth Sync="TRUE">19</attwidth><atprecis Sync="TRUE">0</atprecis><attscale Sync="TRUE">0</attscale></attr><attr><attrlabl Sync="TRUE">TMx_14_089</attrlabl><attalias Sync="TRUE">TMx_14_089</attalias><attrtype Sync="TRUE">Double</attrtype><attwidth Sync="TRUE">19</attwidth><atprecis Sync="TRUE">0</atprecis><attscale Sync="TRUE">0</attscale></attr><attr><attrlabl Sync="TRUE">TMx_14_097</attrlabl><attalias Sync="TRUE">TMx_14_097</attalias><attrtype Sync="TRUE">Double</attrtype><attwidth Sync="TRUE">19</attwidth><atprecis Sync="TRUE">0</atprecis><attscale Sync="TRUE">0</attscale></attr><attr><attrlabl Sync="TRUE">TMx_14_105</attrlabl><attalias Sync="TRUE">TMx_14_105</attalias><attrtype Sync="TRUE">Double</attrtype><attwidth Sync="TRUE">19</attwidth><atprecis Sync="TRUE">0</atprecis><attscale Sync="TRUE">0</attscale></attr><attr><attrlabl Sync="TRUE">TMx_14_113</attrlabl><attalias Sync="TRUE">TMx_14_113</attalias><attrtype Sync="TRUE">Double</attrtype><attwidth Sync="TRUE">19</attwidth><atprecis Sync="TRUE">0</atprecis><attscale Sync="TRUE">0</attscale></attr><attr><attrlabl Sync="TRUE">TMx_14_121</attrlabl><attalias Sync="TRUE">TMx_14_121</attalias><attrtype Sync="TRUE">Double</attrtype><attwidth Sync="TRUE">19</attwidth><atprecis Sync="TRUE">0</atprecis><attscale Sync="TRUE">0</attscale></attr><attr><attrlabl Sync="TRUE">TMx_14_129</attrlabl><attalias Sync="TRUE">TMx_14_129</attalias><attrtype Sync="TRUE">Double</attrtype><attwidth Sync="TRUE">19</attwidth><atprecis Sync="TRUE">0</atprecis><attscale Sync="TRUE">0</attscale></attr><attr><attrlabl Sync="TRUE">TMx_14_137</attrlabl><attalias Sync="TRUE">TMx_14_137</attalias><attrtype Sync="TRUE">Double</attrtype><attwidth Sync="TRUE">19</attwidth><atprecis Sync="TRUE">0</atprecis><attscale Sync="TRUE">0</attscale></attr><attr><attrlabl Sync="TRUE">TMx_14_145</attrlabl><attalias Sync="TRUE">TMx_14_145</attalias><attrtype Sync="TRUE">Double</attrtype><attwidth Sync="TRUE">19</attwidth><atprecis Sync="TRUE">0</atprecis><attscale Sync="TRUE">0</attscale></attr><attr><attrlabl Sync="TRUE">TMx_14_153</attrlabl><attalias Sync="TRUE">TMx_14_153</attalias><attrtype Sync="TRUE">Double</attrtype><attwidth Sync="TRUE">19</attwidth><atprecis Sync="TRUE">0</atprecis><attscale Sync="TRUE">0</attscale></attr><attr><attrlabl Sync="TRUE">TMx_14_161</attrlabl><attalias Sync="TRUE">TMx_14_161</attalias><attrtype Sync="TRUE">Double</attrtype><attwidth Sync="TRUE">19</attwidth><atprecis Sync="TRUE">0</atprecis><attscale Sync="TRUE">0</attscale></attr><attr><attrlabl Sync="TRUE">TMx_14_169</attrlabl><attalias Sync="TRUE">TMx_14_169</attalias><attrtype Sync="TRUE">Double</attrtype><attwidth Sync="TRUE">19</attwidth><atprecis Sync="TRUE">0</atprecis><attscale Sync="TRUE">0</attscale></attr><attr><attrlabl Sync="TRUE">TMx_14_177</attrlabl><attalias Sync="TRUE">TMx_14_177</attalias><attrtype Sync="TRUE">Double</attrtype><attwidth Sync="TRUE">19</attwidth><atprecis Sync="TRUE">0</atprecis><attscale Sync="TRUE">0</attscale></attr><attr><attrlabl Sync="TRUE">TMx_14_185</attrlabl><attalias Sync="TRUE">TMx_14_185</attalias><attrtype Sync="TRUE">Double</attrtype><attwidth Sync="TRUE">19</attwidth><atprecis Sync="TRUE">0</atprecis><attscale Sync="TRUE">0</attscale></attr><attr><attrlabl Sync="TRUE">TMx_14_193</attrlabl><attalias Sync="TRUE">TMx_14_193</attalias><attrtype Sync="TRUE">Double</attrtype><attwidth Sync="TRUE">19</attwidth><atprecis Sync="TRUE">0</atprecis><attscale Sync="TRUE">0</attscale></attr><attr><attrlabl Sync="TRUE">TMx_14_201</attrlabl><attalias Sync="TRUE">TMx_14_201</attalias><attrtype Sync="TRUE">Double</attrtype><attwidth Sync="TRUE">19</attwidth><atprecis Sync="TRUE">0</atprecis><attscale Sync="TRUE">0</attscale></attr><attr><attrlabl Sync="TRUE">TMx_14_209</attrlabl><attalias Sync="TRUE">TMx_14_209</attalias><attrtype Sync="TRUE">Double</attrtype><attwidth Sync="TRUE">19</attwidth><atprecis Sync="TRUE">0</atprecis><attscale Sync="TRUE">0</attscale></attr><attr><attrlabl Sync="TRUE">TMx_14_217</attrlabl><attalias Sync="TRUE">TMx_14_217</attalias><attrtype Sync="TRUE">Double</attrtype><attwidth Sync="TRUE">19</attwidth><atprecis Sync="TRUE">0</atprecis><attscale Sync="TRUE">0</attscale></attr><attr><attrlabl Sync="TRUE">TMx_14_225</attrlabl><attalias Sync="TRUE">TMx_14_225</attalias><attrtype Sync="TRUE">Double</attrtype><attwidth Sync="TRUE">19</attwidth><atprecis Sync="TRUE">0</atprecis><attscale Sync="TRUE">0</attscale></attr><attr><attrlabl Sync="TRUE">TMx_14_233</attrlabl><attalias Sync="TRUE">TMx_14_233</attalias><attrtype Sync="TRUE">Double</attrtype><attwidth Sync="TRUE">19</attwidth><atprecis Sync="TRUE">0</atprecis><attscale Sync="TRUE">0</attscale></attr><attr><attrlabl Sync="TRUE">TMx_14_241</attrlabl><attalias Sync="TRUE">TMx_14_241</attalias><attrtype Sync="TRUE">Double</attrtype><attwidth Sync="TRUE">19</attwidth><atprecis Sync="TRUE">0</atprecis><attscale Sync="TRUE">0</attscale></attr><attr><attrlabl Sync="TRUE">TMx_14_249</attrlabl><attalias Sync="TRUE">TMx_14_249</attalias><attrtype Sync="TRUE">Double</attrtype><attwidth Sync="TRUE">19</attwidth><atprecis Sync="TRUE">0</atprecis><attscale Sync="TRUE">0</attscale></attr><attr><attrlabl Sync="TRUE">TMx_14_257</attrlabl><attalias Sync="TRUE">TMx_14_257</attalias><attrtype Sync="TRUE">Double</attrtype><attwidth Sync="TRUE">19</attwidth><atprecis Sync="TRUE">0</atprecis><attscale Sync="TRUE">0</attscale></attr><attr><attrlabl Sync="TRUE">TMx_14_265</attrlabl><attalias Sync="TRUE">TMx_14_265</attalias><attrtype Sync="TRUE">Double</attrtype><attwidth Sync="TRUE">19</attwidth><atprecis Sync="TRUE">0</atprecis><attscale Sync="TRUE">0</attscale></attr><attr><attrlabl Sync="TRUE">TMx_14_273</attrlabl><attalias Sync="TRUE">TMx_14_273</attalias><attrtype Sync="TRUE">Double</attrtype><attwidth Sync="TRUE">19</attwidth><atprecis Sync="TRUE">0</atprecis><attscale Sync="TRUE">0</attscale></attr><attr><attrlabl Sync="TRUE">TMx_14_281</attrlabl><attalias Sync="TRUE">TMx_14_281</attalias><attrtype Sync="TRUE">Double</attrtype><attwidth Sync="TRUE">19</attwidth><atprecis Sync="TRUE">0</atprecis><attscale Sync="TRUE">0</attscale></attr><attr><attrlabl Sync="TRUE">TMx_14_289</attrlabl><attalias Sync="TRUE">TMx_14_289</attalias><attrtype Sync="TRUE">Double</attrtype><attwidth Sync="TRUE">19</attwidth><atprecis Sync="TRUE">0</atprecis><attscale Sync="TRUE">0</attscale></attr><attr><attrlabl Sync="TRUE">TMx_14_297</attrlabl><attalias Sync="TRUE">TMx_14_297</attalias><attrtype Sync="TRUE">Double</attrtype><attwidth Sync="TRUE">19</attwidth><atprecis Sync="TRUE">0</atprecis><attscale Sync="TRUE">0</attscale></attr><attr><attrlabl Sync="TRUE">TMx_14_305</attrlabl><attalias Sync="TRUE">TMx_14_305</attalias><attrtype Sync="TRUE">Double</attrtype><attwidth Sync="TRUE">19</attwidth><atprecis Sync="TRUE">0</atprecis><attscale Sync="TRUE">0</attscale></attr><attr><attrlabl Sync="TRUE">TMx_14_313</attrlabl><attalias Sync="TRUE">TMx_14_313</attalias><attrtype Sync="TRUE">Double</attrtype><attwidth Sync="TRUE">19</attwidth><atprecis Sync="TRUE">0</atprecis><attscale Sync="TRUE">0</attscale></attr><attr><attrlabl Sync="TRUE">TMx_14_321</attrlabl><attalias Sync="TRUE">TMx_14_321</attalias><attrtype Sync="TRUE">Double</attrtype><attwidth Sync="TRUE">19</attwidth><atprecis Sync="TRUE">0</atprecis><attscale Sync="TRUE">0</attscale></attr><attr><attrlabl Sync="TRUE">TMx_14_329</attrlabl><attalias Sync="TRUE">TMx_14_329</attalias><attrtype Sync="TRUE">Double</attrtype><attwidth Sync="TRUE">19</attwidth><atprecis Sync="TRUE">0</atprecis><attscale Sync="TRUE">0</attscale></attr><attr><attrlabl Sync="TRUE">TMx_14_337</attrlabl><attalias Sync="TRUE">TMx_14_337</attalias><attrtype Sync="TRUE">Double</attrtype><attwidth Sync="TRUE">19</attwidth><atprecis Sync="TRUE">0</atprecis><attscale Sync="TRUE">0</attscale></attr><attr><attrlabl Sync="TRUE">TMx_14_345</attrlabl><attalias Sync="TRUE">TMx_14_345</attalias><attrtype Sync="TRUE">Double</attrtype><attwidth Sync="TRUE">19</attwidth><atprecis Sync="TRUE">0</atprecis><attscale Sync="TRUE">0</attscale></attr><attr><attrlabl Sync="TRUE">TMx_14_353</attrlabl><attalias Sync="TRUE">TMx_14_353</attalias><attrtype Sync="TRUE">Double</attrtype><attwidth Sync="TRUE">19</attwidth><atprecis Sync="TRUE">0</atprecis><attscale Sync="TRUE">0</attscale></attr><attr><attrlabl Sync="TRUE">TMx_14_361</attrlabl><attalias Sync="TRUE">TMx_14_361</attalias><attrtype Sync="TRUE">Double</attrtype><attwidth Sync="TRUE">19</attwidth><atprecis Sync="TRUE">0</atprecis><attscale Sync="TRUE">0</attscale></attr><attr><attrlabl Sync="TRUE">Elev</attrlabl><attalias Sync="TRUE">Elev</attalias><attrtype Sync="TRUE">Double</attrtype><attwidth Sync="TRUE">19</attwidth><atprecis Sync="TRUE">0</atprecis><attscale Sync="TRUE">0</attscale></attr><attr><attrlabl Sync="TRUE">Basin_RCA</attrlabl><attalias Sync="TRUE">Basin_RCA</attalias><attrtype Sync="TRUE">String</attrtype><attwidth Sync="TRUE">9</attwidth><atprecis Sync="TRUE">0</atprecis><attscale Sync="TRUE">0</attscale></attr><attr><attrlabl Sync="TRUE">Shape_Leng</attrlabl><attalias Sync="TRUE">Shape_Leng</attalias><attrtype Sync="TRUE">Double</attrtype><attwidth Sync="TRUE">19</attwidth><atprecis Sync="TRUE">0</atprecis><attscale Sync="TRUE">0</attscale></attr><attr><attrlabl Sync="TRUE">ORIG_FID</attrlabl><attalias Sync="TRUE">ORIG_FID</attalias><attrtype Sync="TRUE">Integer</attrtype><attwidth Sync="TRUE">9</attwidth><atprecis Sync="TRUE">9</atprecis><attscale Sync="TRUE">0</attscale></attr></detailed></eainfo><mdDateSt Sync="TRUE">20170307</mdDateSt><mdChar><CharSetCd value="004" Sync="TRUE"></CharSetCd></mdChar></metadata>
